section;wkt
6;LINESTRING(103.739516 31.027538,103.654306 31.040725)
9;LINESTRING(103.654306 31.040725,103.739516 31.027538)
